TEXT,LANG
"Ha vé, vãsỹ ẽg Senhor vỹ ga tỹ Egito tá ã povo tỹ Israel mré kãkutẽ ja nĩgtĩ, ag tỹ ãjag ga ra mũ jé. Hã ra ag kãmĩ ũ ag tóg ti vĩ kri fi vãnh ja nỹtĩgtĩ. Hã kỹ Topẽ vỹ ag tỹ tũgꞌ he kãn, ũ tỹ ti vĩ kri fi jãvãnh ja ag. Tag mẽ ãjag huri. Ki kanhró ãjag nỹtĩ. Hã ra sóg rán mãn sór mũ, ãjag tỹ mĩ ẽkrén jé.",kaigang
Morowykyeꞌem are ꞌgã muꞌeawet Morowykyeꞌema mũ rupi Jejui ꞌga awau juowuurana ko pyterimũ wemimuꞌe ꞌgã netee. Wataaw ipe ꞌga remimuꞌe ꞌgã aꞌỹja paꞌwau opo pe erawau.,kayabi
Ako kuríka Itukó'oviti ne Poûlu yaneko kurikôa ha'ínehiko. Yapásika ákoyea yokó'okori kinó'oki njokóyoke.,terena
"— Cũg̃ ma juy epeku soat etabun. Ikẽrẽat cuy epeyepere — io'e.Imẽn soat itaybit e'em ig̃uycũg̃ cĩcã ip ikẽrẽat e'e buye iam, g̃asũ cũg̃ ma je'ku ip iam tak.",munduruku
"Mak Zuàw purumuzahazahak maꞌe umumeꞌu Tupàn Zeꞌeg oho ywyxig heta haw pe aꞌe Naꞌaw Zezuz Zaneruwihawete Tupàn taꞌyr rehe zeꞌeg xe aꞌe nehe kury, Tupàn zeꞌeg puràg pape rehe imuapyk pyrer xe aꞌe nehe kury. Azypyrog putar heko awer imumeꞌu pà ihe kury, pape rehe imuapyk pà ihe kury. Kwehe mehe Tupàn zeꞌeg imumeꞌu har Izai her maꞌe aꞌe, umumeꞌu Zuàw heko àwàm pape rehe imuapyk pà aꞌe. Naꞌaw izeꞌeg awer xe kury.",guajajara
"Ni'kâ makapɨ mɨsâ etakã́, tookãhárã ãyuró põo tẽrítikã maa, makâ dekopɨ wa'âya. A'tîro niîya: “A'ti makákãhase ɨ̃sâ dɨ'pôkãripɨ di'tâ wã'á'kepɨreta paâste kõ'arãti. A'ti makákãharã bu'îritisere ĩ'yórã tohô weerã́ti”, niîya. Naâre a'tîro niî nemoya. “Mɨsâ a'teré masîya. Õ'âkɨ̃hɨ kɨ̃ɨ̂ wiôgɨ niisé mɨsâ tiropɨ a'tiátehe kã'ró dɨ'sá'”, niîya.",tukano
"ao redor do qual estavam outros vinte e quatro tronos, e assentados neles havia vinte e quatro anciãos. Eles estavam vestidos de branco e tinham na cabeça coroas de ouro.",portuguese
"APOKALÍPISI Yútoe Xuâum koyuhoâti koêku ne koekútihiko ya káxehiko keno'ókoti Enepoyara koyuhópeti, yutóxovoku ne koekútihiko koúhapu'ikone Jesus Kristu, poréxoake Itukó'oviti éxokea ovóxehiko. Énomone ne koekútihiko ákotinemo axu'íkene símeovo kaxena koúsokovope. Yoko ápe ánjuna Jesus, páhoe éxokea ra koekútihiko xoko ovóxe, enepone Xuâum. Enepone heú koeti koekúti éxokokonoke, énomone koyúhopo yarâ'a, koêku ra emo'u Itukó'oviti koáne ra kaná'uti kixovókuti koúhapu'ikinoake Jesus Kristu.",terena
"Se Satanás expulsa Satanás, está dividido contra si mesmo. Como, então, subsistirá seu reino?",portuguese
"Tai heka adeereny rarybereri. Bexitòenykeki, biwyke. Biijeke aõbo teijeteri, tai tahe mahake. Ijòtòbòna bihetenyke tahe adee riraynymy tahe malòke. Tai tahe adeereny rarybera. Ibutumy rexitòenymahãke, tamy riwahinymahãke. Ibutumy iny riijemahãke, tai rahake. Iny rihetenymahãke riraynyke. Tai adeereny rarybere: —Ixitòedỹỹki iny aõ rimymyhỹre. Aõitxe‑ki aõtxi ijara rỹimyhỹ. Ijò‑di ròtemy ijara‑ki iny ralòmyhỹre. Ijò‑di ròtemy ijara‑ki, iny ralòmyhỹre.",karaja
"—Ti sa kariw nꞌaa ky hadoo: “Bë ado hõm sét hadoo do ta wë hanäng doo. Bë anꞌoo ji moo sahõnh hẽ wë näng do hã”, näng. “Jé wë näng do hã, ti bahä̃nh takanꞌoo däk ta hã. Hajõng da anäng ta wë. Baad tabanꞌyyh do hyb nꞌaa tii. Kanahën dꞌos hẽ wë näng doo, kanahën dꞌos do ta wë hanäng do kado hõm da ta mahä̃nh”, näng. “Bë dawäts nä ta wꞌoo hã gadagyp doo hẽnh karom nahũũnh doo. Aꞌoot da tii bä. Sa tëg kamegëëj däk da takꞌëp nesaa do rahoop do hyb nꞌaa”, näng sa kariw nꞌaa kyyh —näng mä Jesus panyyg gó tehꞌũũm doo.",nadeb
"Corintoćhu Chalapacücunäman Pablo Ishcay Cartacuśhan Tayta Diosninchicpa munayninwan Jesuspa jucnin puydï caćhan ya'a Pablom, chalapacü-masinchic Timoteowan cay cartacta apachicalcämuc Corinto malcaćhu cä chalapacü-masïcunaman, chaynütac Acaya-lädućhu yaćhä llapallan chalapacü-masinchiccunapäpis.",urubu-kaapor
Mbegwe katu porã emombeꞌu íxupe imboete-vy. Nde pyꞌa porã reheve emombeꞌu íxupe. Nde pyꞌa potĩ-gwi ojekwaa arã nde-rehe nde rekoha porã. Cristo-rehe pejerovia-gwi peiko porã meme ramo onhemotĩ arã pendéhegwi pende-rehe onheꞌẽ vai vai rei vaꞌekwe.,kaiwa
Ininiã erekari kiki sikiniri iĩto ĩtanoromoni. Erekari sito sikiniri oĩto oĩtanirimoni. Ĩtanorotxi ĩto kona oa nakitinanini. Õtaniri nakiti apaka oĩto. Apaka ĩtaniritxi ĩto kona iua nakitinanini. Ĩtanoro nakiti apaka iĩto.,apurina
Tahe ritehemynyre Efesu bede‑ò. Prisila Akila‑wana ririre. Iribi tahe rare tyyriti ritỹnynyremy judeu mahãdu dohodỹỹna heto‑ò. Tii mahãdu tahe Paulo rexitòenyre tai aõutxumy tai ratxunykemy. Tahe rarikõkemy ratxireri.,karaja
"Akmere, dja ga memã arẽ, me kute Jejukôt abeno kamymã ikabẽn ja jarẽ. Godja ga memã ikabẽn ja jarẽn arỳm mrãmri abê Kritu Jeju nhõ àpênhkumrẽx. Nà, Metĩndjwỳnh kabẽn ne gu baje tu amim markumrẽxja, kôt dja ga arek amijo tẽn amijo tẽn kam atỳxkumrẽx. Jeju kukràdjà mexkumrẽx, tãm ne ga arỳm kôt amijo tẽ. Dja ga arek kôt amijo tẽn amijo tẽn arỳm atỳxkumrẽx. Atỳx ne arỳm Kritu Jejumã adjàpênh mex ne.",kayapo
Nxa²­ha¹­te¹­ ã³­wi¹­nhũ²­la²­ ĩ³­yain³­te³­lhxã³­ ã³­wxe³­ain¹­nũ²­la²­ yain³­tũ̱³­xa²­ hxi²­tẽ³­nha²­nũ²­la²­ Txa²­wã¹­sũ̱³­na²­ ĩ³­wi¹­lxon³­kxi²­ki̱³­jau³­su²­ ĩ³­ye³­kxi²­ta¹­hxai²­hẽ¹­la²­. Hã²­wxãn³­txa³­ yain³­tũ̱³­xa²­ ha³­la³­tãu²­lxũ¹­ta¹­hxai²­hẽ¹­la²­.,nambikuara
Kyze atakta okyrysaro tsikaeni zuba zisirezo iokeryk taekaratsa humo puruk puruk niy. Atahi: “Ahyrikbarasorokokta! Aokyrysaro ty abo nyny my” niy.,rikbaktsa
—Priꞌya puꞌkuru anmu man —taꞌpî Jesusya yai puꞌkuru eekomiꞌmakapîꞌpî mîrîrî. Mîrîrî epuꞌtîꞌpî warayoꞌya moropai innape Jesus kupîꞌpîiya. Itewîꞌ ta tîîkoꞌmansenonya ikupîꞌpî nîrî innape.,macushi
"Sesus Kiristu kahumo tsimypokzitsiarẽta. Mahani ziksininitsihikik. Iwatahi kahumo batu iakyri. Uta ihumo kaspirikporẽta ana humo hi zikperyky. Zikperyky zeka ustsa bo niwatihi mysiperyky. Utakta kamysapybyita ikykara kahumo ziperyky iwaze ustsa bo niwatihi taperyky. Deus ustsa pe: — Pauro imysapybyita ziknakara. Utakta batu pimyiwy kasopyk. Iwatahi mozipokzitsiki — niy. Aba kytsa Sesus humo batu sispirikpo kahumo Deus harere bo hyỹ maha. Hawa Deus kahumo isopyk asahi Sesus humo sispirikporẽtsa hỹ. Deus tuk mynapykyryknaha niwatihi. Mytuk ibaze mynapykyryknaha. Iwaze Deus bo tsimypamykysokonahaktsa! — O Deus ikia zuba tsamysapyrẽta hỹ. Aharere pykyhytuty tsiwabyziunaha. Tubabatu ikia taparaktsa pehatsa tsiky. Abaka katsa mypehatsa tsimozik. Mytsekokatsa pehatsa tsimozik niwatihi. Ikia zuba awahi koikny baktatu. Katsa abo ba zikozonaha. Ikia zuba awahi tsimynapykyryk batu aty tohi awata. Iwatsahi katsa abo ikia zuba abazubata tsimy, bijoikpe eze mybarawy eze kino niwatihi abazubata tsimy, ikia zuba wasani tsimykara — tsimaha. Iwa tsimypamykysokonaha.",rikbaktsa
Miꞌi hawyi totemig naꞌyn hesokpe ete. Miꞌi hawyi meremo temig hap Iesui tikuap topyꞌa pe hawyi tuwe­morem meremo uwe temig hat kat hamo. Toipuẽti temig hat hawyi toꞌe — Waku raꞌyn mana eremo­wepit ro katu­pono uimohey hap epiat hap ti emoehãite hap topyhuꞌat e. Miꞌi hawyi mekewat hary­poria tikuap meremo topiit piat huu wato tekꞌe hap. Tohãite hap toikuap taꞌyn.,satere-mawe
"Farisio va'ora avakaihamahi'aha adani sorara, va'ora vani'aha: —A'onira korijanahamanira koda ada jaboni Jesus? Judeus kaija'ari vanava'isohiva abonoa vakajari'dahahaviki ada Jesus. Harivani, Farisio jaboni akajari'daki ada. Akajari'dahahaviki ada. Ija'ari vahoariha Deus kava'isohihi jiriki-ra avigariki. Deus va'ora nihimaki bana adani — vakhaniha adani farisio Jesu-ra vakajari'daki.",paumari
"Teoso Akiritari Paoro Nanera atão minakati sãpiretakani hĩte oereẽkani: “Paoro iokanapirena kona Teoso iokanapirenani,” itxana ninoa sãkire. Nitariakori atãopitikara nisãpiretai hĩte. Iokanapirenatxi hĩtemoni nisãpiretakiti kona kãkiti sãkireni. Teoso sãkirera. Kona kãkitini sãpiretano ia iokanapirenatxi. Kona kãkitini oerekano. Xesosi Kristora sãpiretano nota iua iokanapirenatxi.",apurina
"Kadopâ odopâdobyry Aituo myani Jesus aguely: — Tâlâ myani kadopâ kurâ odaypa nhânkyby. Mâkâ kadopâ adakobâdyly myani paru peba ato einkâ, tâjidy xuize. Tâjidy nepyra olâ myani. Aituo mâkâ kadopâ tâwâlâ aguely: “Iegasehobyryanlâ ise kodopâdyly mâkâ saguhoem inakanhe kânhetybyanlâ” kely.",bakairi
Po'íke káxe ápe íhikauhiko Xuâum yoko hóyeno jûdeu yumopókokoti vo'oku kixoku kasása'ikeovo xâne ya hó'eke.,terena
"Ija'ari Jesus athi-ra naabavini varani hini Asia vara niha ada Jesus: —Oathi-ra avanaabaravini oadani, hari'a ka'da'dia hora vanaonibakhia.",paumari
"Niɡ̶ijo me yowoogo me idalitaɡ̶awatiwaji, adomaɡ̶atooa niɡ̶ijo yowoogo. Niɡ̶ina me jowo me jaote okanicodaaɡ̶ica, aɡ̶emokee me idinowo, micataɡ̶a niɡ̶ina oko anee, “Jao”, oɡ̶oa domige ee, “Ajao”, pida me notaɡ̶anaɡ̶a mina etiɡ̶odinaale. Ajakadi me idalitaɡ̶awatiwaji. Pida niɡ̶ijo meji mejigo idalitaɡ̶awatiwaji, ayowoogo daɡ̶a ɡ̶adinaalenitiwaji, digo mijoataɡ̶a Aneotedoɡ̶oji midioka limedi meetetece anewi.",kadiweu
Hari. Hiva'oani ija'ari a'onira okaabanivini vihi'iki ni-Cristo kabadania vakabadaniki. Vakava'ibodivaraniki ida nahina vahaki vahariki kaimoni. Vakadivarani kamithavahani jahaki vanivaha. Vajahana-ra vakahi'imariniki adani vahoariha vava'i-ra vavajahara kaimoni. Vakhanina vani vava'i-ra vanakidakidara adani ija'ari avigahariki.,paumari
Aꞌeramũ ꞌga awau ẽẽ popyyka. Aꞌerauwe ẽẽ roꞌya ateepawamũ ẽẽ wi. Aꞌerauwe ẽẽ afuꞌama okama awi mamaꞌe apou ꞌga upe ꞌga mojemiꞌwaa.,kayabi
Saꞌa­wy­ꞌi­tewuat Tupana e hap moherep haria teꞌe­roꞌe — Meiũran ti aru wuatꞌi puo Tupana tiꞌa­tu­muꞌe miitꞌin iꞌatuꞌe miwan me e Iesui. Miꞌi pote areꞌe uwe uwe ikuap Uiꞌywot mienoi miꞌi hat ti aru tut uhowawi e.,satere-mawe
"Trôade donropyryem Paulo Miletoram idâhobyry Paulo tuhuru wâgâ idâday, paru oze ani xina Assosram idâly inwânwânse. Tâxiguely iraynâ “Assosdâ ise kydoxiodyly” keypyem ani tuhuru wâgâ Assosram idâly. Aguehobyry ara ani xina aidyly. Târâ ani xina nhodyly. Xina agâ idâly paru oze âtâ anary Mitilene kehoram.",bakairi
—Hëd nꞌaa? —näng mä Pirato. —Dooh mo hajꞌaa kadꞌoo do tado bä —näng mäh. Taherꞌood né paawä mꞌ takꞌëp rageëëj bong tii bä: —Mepëëm däg! Mepëëm däg! —näk mäh.,nadeb
"Haꞌe nunga haꞌe javi ꞌrã pendere haꞌe kuery ojapo xerery rupi pendekuai ramo, mbaꞌeta Xembouare voi ndoikuaai vy.",guarani
"Okitpitpiyũ, eya'õpicũg̃cũg̃ puk wekawẽn kay. Te'e ma eyju kawẽnwẽn eyeweweju. — G̃asũ, kuyaje aco'i aceju wara'atka kay — i aco'i eyju e'em eyewewebe. — Ihibun iboka be acesop tarekrek teidadam — i aco'i eyju e'em. — Ade jĩjã acejat wuyedinheirom — i aco'i eyju e'em.Imẽn te'e ma eyju kawẽnwẽn eyeweweju. Wuyetaybit g̃u xipat tu je'bapuk wuywebe kuyaje iam, xipat g̃u xe'e je'bapuk wuywebe iam. Wuyetaybit g̃u pug̃ũn ace'ũ iam. Kabidig̃ puxim wuyju. Tig̃'ajẽm'isum dao ma dig̃'ũm'ũm. Dao ma dig̃watwan. Kabidig̃wacap puxim wuyju dak. Dao ma ace'ũ.",munduruku
A²­nũ²­a²­ nũ̱³­kxũn³­txi³­ ã³­nhe¹­kxi²­nyhu¹­kxa²­ yã¹­nxe³­sxã³­ nũ̱³­kxũn³­txi³­ ã³­nhe¹­kxit1sxã³­ ko̱³­nxe³­ju³­ta²­ ã³­na¹­txa²­hẽ³­la²­. Txa²­wã¹­sũ̱³­na²­ wãn³­txa²­ ka³­te̱n³­yau³­xa²­ hxi²­ki³­kxa²­ yã¹­nxe³­sxã³­ ain³­so¹­khai¹­nxe³­sẽ¹­la²­. Nxe³­sih¹­nxa²­jau³­su²­ Txa²­wã¹­sũ̱³­na²­ ĩ²­sxã³­ ĩ³­so¹­nxa²­tai¹­ti²­tu³­wa²­. Nxe³­sxã³­ kxã³­nhxĩ¹­nai³­tã²­ yxo²­ĩ²­ ã³­si³­wxe¹­ĩ¹­nhĩ¹­nai³­tã²­ a²­nũ²­a²­ ka³­lxa¹­txi³­ ĩ³­hen³­txai¹­nĩn¹­tai¹­ti²­tu³­wa²­. Te²­yã¹­nxe²­ ãh¹­ o²­la³­kxi¹­to³­hẽ¹­la²­.,nambikuara
"Sa'ikóva Poûlu yûho ne puvâti Ina koexépuko vô'u neko ngovenâdo porexoâti ne Poûlu koyúhoyea. Yane hara kixo Fêli ne Poûlu: —‍Énjoa enó'iyeane xoénae itíkivo yúhoikovoku ûti, uti jûdeu. Énomone kutí'inoke úhepeti inzóneu nzímea nenékuke nza'íkeova ne yunzó'inokono. Motóva éxeokono itúkeovo kaná'uti ra yûnzo ákoyea anú'uka nduse koeti káxe ike nzeópine ya Njeruzálem, yónongu inzáyu'ikoponea Itukó'oviti. Motóvamaka éxeokono kaná'uko ra yûnzo",terena
"Ta ti kajaa bä kä, Pꞌop Hagä Do edꞌëëp da ta wë sahõnh hẽ Isaraéw buuj. Tii da né hẽ Pꞌop Hagä Do kyy kerih do herꞌoot: “Panang Sijõn Jerusarẽnh häd see tiSijõn. Isaraéw buuj ti na-ããj hẽ ramaneëënhSijõn. häd näng doo bä naa kajaa da ji hꞌyyb tym dëëb. Tado hõm da Pꞌop Hagä Do ganenꞌaak do Isaraéw panaa ramoo bok doo.",nadeb
"Nhym bep Metĩndjwỳnh ta gêdja prĩne ar ajo djuw mex ne ar apumũnh 'ãno dja. Djãm kum ar apumũnh kangamã got? Kati, gêdjãm prĩne ar apumũnh 'ãno dja. Gora ar memã adjãm tỳx. Dja gar adjãm tỳx ne 'ãno djan arỳm tu atĩnkumrẽx.",kayapo
"Mɨ'ɨ̂ makɨ Jesu tutuaró me'ra ɨ̃sâre masá do'âtirãre yɨ'rɨókã, apêye kẽ'rare weé ĩ'yokã weeyá. Mɨ'ɨ̂ tohô weekã́, masá mɨ'ɨ̂ tutuasére ĩ'yârãsama, niî sẽríkãrã niîwã Õ'âkɨ̃hɨre.",tukano
"Ojekwaa vaꞌerã, “Cristo pene remihaꞌarõ vaꞌe voi xe” heꞌi vaꞌe moꞌã ójehe peẽ-my. “Nhandejáry nheꞌẽ-py mbaꞌe xe-vy anho oikwaa uka xe remimombeꞌurã” heꞌi vaꞌe moꞌã ójehe, ojekwaa vaꞌerã ou-vy. Hexapyrã-rupi voi hembiapo vaꞌerã ohekoporu ou-vy ramo. Ohexa uka vaꞌerã gwembiapo tuvixa vaꞌe, ikatu ramo, itavy hagwã moꞌã íxupe Nhandejáry rembiporavo. Xáke. Ani joty pende tavy íxupe. Koꞌã mbaꞌe oiko eꞌỹ ngatu amombeꞌu-ma peẽ-my, heꞌi íxupe kwéry Hesu.",kaiwa
"Mârâ sete pão, kanra âjihuwâdyby warâ nhanâdyly. Tianâpygueduo Deus agâ aguely: — Koendonro lelâlâ âmâ, Pabai. Awylygue xirâ pão, merâ kanra âjihuyby warâ mâunduly — kely. Deus agâ agueypyem nhepajiwâdyly. Xinaram nhuduly, kurâdoram xina nhepâdoem. Xina nhepâdyly umelâ kehoem Jesus pão, kanra âjihuyby warâ agui nhenehonly.",bakairi
"— Azeharomoete pezeꞌeg. Pemumeꞌu zo hereko haw teko wanupe nehe, iꞌi wanupe.",guajajara
Kỹ tóg ag tỹ ti mỹ nén tónh ke tóg tũ tĩ sir.,kaigang
"Pedru hã, Zezusi te te dawi ĩ'udâzém na rowasu'u ,25-27 Ãne ré, te zahadu Pedru hã dame nhamra, 'ri 'wawi wa'ra 're, pi'reba 'ri zahâpâ. Tawamhã tame sãmra ré, ma we pi'õ hã datẽme wi, sasedoti ĩpire uptabi ma romhuri'wa hã. Wisi wi, ma Pedru hã tisã, unhama ãma hâi'ro ré. Tawamhã te te 'madâ'â pese pari, te Pedruhu ma tinha: — A zama te duré Zezusihi siré 're aimo, Nazaré ãma 're ĩhâimana mono siré.",xavante
"Tahe Jesuisi tamy rỹỹraxire: —Kaiboho aõbo Ryberiti‑di tariaõletenyteri: —Mana‑di heka heto widỹỹdu rehumyhỹre kia manale heto hàtxi‑ki ritidimy roimyhỹre. Jiarỹ kia mana wese rare. Inynyrỹ Deuxu kia riwahinyre. Tai awi heka rare. Ijõ riwiòhenanyre, mana wahe.",karaja
"Salomãoa binamonahavini kaba'i ida gora, ni-gora ija'aria vanamonahakia hojaki ada Deus hahavi-ra kaabokaki. Ibavi hahavia hojaki hada. Nimania ida Deus athi namoniva abono kohana vakadipapira athini. Deua bini'aha: “Kodivithi ibavini ida nama. Arabo vania o'dama kakatiraja. Nahina kagorahi-ra koda avanamonahaki a'oni kodimoni? Hanajaja vania oakoiriki koda ho? Hovani onamonaha'ia ida hojahahavi'iki.” Estêvão va'ora nava'isohivini hi'ihi ida Deus athi papira hojakia.",paumari
"Kiamy heka ryryre: —Deuxu bityhynyke. Marybebenyke tii awi raremy nihikỹ raremy. Bededỹỹnana rehemynymy roire ihitxidỹỹdu bede‑ò. Bityhynybenyke tii dori bede ibutumy riwinyre bee, biu ibutumy riwinyre.",karaja
"Ãne da hã ma tô pisutu, Zezusihi ma, 'Re ĩhâimana u'âsi mono hã duréihã tizadawa wasu'u 'rata 'wai ma, Iza'izaha ma, te te ĩwaihu'uzém na te te ãma uwaimrami da. Ãne ma tô tãma waihu'u, duréihã: “Pi'õi ubuni hã te za tiwasã. Duré ĩ'ra hã te za tãma waptãrã, aibâ na. Taha nhisi hã za, Emanuwé na ĩsisi hã.” 'Re ĩhâimana u'âsi mono, wasiré 're ĩmorĩ u'â, te wasu'u, ĩsisi hã. Ãne 'Re ĩhâimana u'âsi mono te te ãma ĩrowaihu'uzé hã, duréihã.",xavante
"Kytsa Sesus Piratus bo zioktyhyryk. Kyze zokorobyitu Sudeutsa Deus wahoro eze ziknapamykysonahaktsa, taparaktsa kapitãotsa Moises harere nisihyrinymyrykynahatsitsa iwatsa sizubarẽtsa inakypyknahaze hawa Sesus tabeze nipamykysokonaha iwaze Sesus Piratus bo zioktykyryknaha. Taparaka zipawarakanaha. Iwaze Piratus bo zipehahik. Piratus abazubata iharere awatu zeka Sudeutsa ba zikbezenaha. Piratus ipe niy: — O Sesus ikia ja Sudeutsa pehatsa — niy. — Ikia tihi tsiktsaso — Sesus niy.",rikbaktsa
"Naɡ̶a niniɡ̶odi Jesus, meeteta, “Niɡ̶ini ane jajigota paon liwai ane itimi, joaniɡ̶iniaa idajigo.” Odaa Jesus ja dibate paon liwai, naɡ̶a ititedinigi ica niweenigi liwagedi, odaa ja yajigote Judas, lionigi Simão Iscariotes.",kadiweu
"Sesus dose zinymyrykynahatsa nisipeha. Iwaze ustsa myzubahatsa bo niukuru, anabo kytsa nisihyrinymyryky.Kyze Sesus tuk zinymyrykynahatsa nisipehaka. Iwaze tazikwy ty sibo nyny niy. Iwatsahi kytsa asahi hyrikosotsa sapybaratsa sibo pororo ziknakaranaha nisiksiwyhiknaha. Sesus zikwy humo hi hyrikosotsa sapybaratsa ziknasiksiwyhiknaha. Nanabyitaba nisipehaka. Sipetok kohotsa ty zuba iwa nisipeha.",rikbaktsa
"Enepo apê xâne xapákuke muyá'iti isóneu ikéneke Vúnae, koatímaka eombâti ya njokóyoke. Enepo apê xâne ikorókovoti váhereke, koatímaka yupihóvoti kotíveyea inzóneuke.",terena
Yt nakuat i nug haria iꞌatu­py­ꞌahak kahato neꞌi ariãty ete. Taꞌa­tu­ky­ꞌesat pya kahato taꞌa­tu­kawiat hẽtyhot hap katu­pono taꞌa­tu­minug saꞌag koꞌi moherep hap yt taꞌa­tu­ky­ꞌesat i haype e.,satere-mawe
"—‍Ina yumopâ únae ne kavâne: “Ávavone mará'inamo ixané íxea tirîku ímarekea ne úhiti enepomo merekânoe kó'oyene. Síkeavone ne tirîku payákeyea, koáne ne úhiti xapákuke tukú koeti ítixovope ne há'i. Yane ínamo injâ ne itíxotihiko: ‘Ítixepa inúxotike ne úhiti, ínamo ikenúkuxa motovâti orópukuxeovo yúkuke. Itea yunákapanoe ne tirîku xoko unákovoku íhae inzáne’ ngixoâtihikomo” koéne.",terena
"Niptinmi Jesus: “Sïchuśh Tayta Diospa uycunantawan, yacucta mañacuśhüniquita lisil'a, paytaćh mañacunquiman. Paymi ichá wiñay simpri cawsachï yacucta uycuśhunquiman” nin.",urubu-kaapor
PIAT EWY Miꞌi hawyi Iesui toꞌe towy­riaꞌin me — Eiwe­sytpok yne ti aru uiꞌya­ty­pepyi mesup ewãtym e. Taꞌi uiꞌatoiat yne eipe aikotã iwan me saꞌa­wyꞌi tohenoi hap ewy ti aru — Taꞌa­tu­ka­ꞌiwat auka hawyi ihũ koꞌi tuwe­sytpok yne e miwan me e Iesui towy­riaꞌin me.,satere-mawe
"Yváy pygwa koty tee-py nombaꞌapói hikwái. Yvy-py ae ombaꞌapo hikwái. Ao gwigwa koty-py ombaꞌapo vaꞌekwe. Upe ao gwigwa koty ndahaꞌéi koty tee. Upe koty tee raꞌanga mante voi upe yvy pygwa koty. Upéixa ave heꞌi myamyrĩ Moisés rehegwa nheꞌẽ. Yma vaꞌekwe upe ao gwigwa koty omopuꞌã-ta ramo, ohaꞌanga íxupe Nhandejáry: “Yvyaty ári nhaime ramo, ahexa uka kuri nde-vy haꞌanga. Ãy ejapo katu haꞌe ramigwa ao gwigwa koty xe ahaꞌanga hagwe-rami nde-vy” heꞌi íxupe vaꞌekwe Nhandejáry.",kaiwa
"Enepohikone xâne kuvóvoti Itukó'oviti mekúke, koati énomone ínixea Itukó'oviti unako koêku vo'oku kixoku kúveova.",terena
“O katsaktsa mysapybyitsa tsimykaranaha zeka Deus myhumo batu iakyri” nikaranaha. Sitsyhyryze kazikwy iwatawy iwatsa tu kaharere bo batu hỹ ziknakaranaha. Kuarẽta nityktseheze ziknasitsumuẽhĩkĩ iwatsa tu kaharere bo batu hỹ ziknakaranaha. Iwaze sihumo takyriki. Kapetu kasopyk: “O simysapybyitsa soho humo mytsaty ziknakaranaha. Kasopyk humo batu sihyrinymyry iwatsahi zikmyikinaha” iky.,rikbaktsa
"Peuzepu poko Morarame orutua enehne toto Jezu a, tonurẽkara, tomirẽkara, enara. Jorokohpe roropa kynexine. Mame mokyro tukurãkase ropa Jezu a. Joroko roropa tutũtanohpose eya, enara. Mame kynosenuhmane ropa rahkene. Sekere tykase roropa ynororo.",apalai
"Hãbu hãwyymy heridu‑ò warybe rewahinyra, tahe warybe aõkõ rare, Wanyrỹ rybe. Kia rare: Hãwyy uritere tahãbu ririõhyyke. Hãwyyõ tahãbu‑ribi rexihitxinykeki, ijõ‑wana roiõke ada tahãbuwanale ixyby roike. Tule hãbu uritere tahãwyy risiõmy.",karaja
"Wîriꞌya yuukuꞌpî: —Inyo pîn uurî. Jesusya taꞌpî: —Yairî eseurîman pîꞌ nai, inyo pîn uurî taa pîꞌ nai.",macushi
"Aꞌe mokoz awa umupytuꞌu kar putar àmàn ikyr ire aꞌe wà nehe. Nukyr kwaw aꞌe ꞌar mehe nehe, Tupàn zeꞌeg imumeꞌu mehe nehe. Uzapo putar ꞌy ytyzuzàmaw pe har maꞌeruwy kwer romo wà nehe. Umur kar putar maꞌerahy haw teteaꞌu ywy rehe wà nehe, wemimutar rupi wà nehe.",guajajara
"Ni'wam norĩ hã 'Re ĩhâimana u'âsi mono nhimiroti te te 're 'madâ'â pese za'ra mono wamhã, tô sena te ta norĩ hã ãma 're hâimana za'ra, 'Re ĩhâimana u'âsi mono ãma. Ta hã te duré ĩ'rata 're sãmra u'âsi za'ra, 'râwi. E niha wa za tawamhã, wasina waihu'u pese za'ra ni, 'Re ĩhâimana u'âsi mono, wa'rata 're ĩsãmra u'âsi mono zém na hã. Ta hã ma tô Tipẽ'ẽzani hã te te wama 're anhomri, wapẽ'ẽ 're, 're sãmra mono da, uburé marĩ hã te te wama 're awaihu'u mono da. Taha na wa za wasina waihu'u za'ra ni, wa'rata 're ĩsãmra mono na, 'Re ĩhâimana u'âsi mono hã.",xavante
"Tohô niikã́ tɨ'ógɨ, Jesu kɨ̃ɨ̂re yɨ'rɨógɨ yãa peó, a'tîro niîkɨ niîwĩ: —Yɨ'rɨógɨti. Kamî marigɨ́ tohayá, niîkɨ niîwĩ. Kɨ̃ɨ̂ tohô niikã́ta, kɨ̃ɨ̂ kamî niîmi'ke yatî pe'tia wa'âkaro niîwɨ.",tukano
"Koitóva Jesus neko yúvone lépara Evesékopeane Jesus oúke neko kali mopôi, yupihovó koe êno xâne hokopâti.",terena
Babilôniapeva'ea popoakara opi Tupana'gapyrive'ga hepiukapavirẽ ji ve ji ojipe'ga repiagi. Ga ko Tupana'gapyrive'ga no ua yvaga hugwi yvagipeve'ga. Ipopoaka hete ga g̃wendy'jandy'jahetero ovahema yvya koty imbokojahuavo.,kagwahiva
"'Ũgmũ'ãte Namnixet yõg xape xop pu 'ãneo, xix Nĩ'ip pu 'ãneo, xi' kuxa mãm ka'ok xop pu 'ãneo, nõm Nĩ'ip pet tu yãy tu'nãhã 'ãneo kamah.",maxakali
Tupana Pãꞌãu aimuꞌe kahato. Tomiwan ete toimo­herep kahato Tupana ahepe. Tomiwan myi toimo­herep kahato Tosa­ꞌyru e hap. Miꞌi hawyi yt uwe i aimaꞌat kuap Tupana ehay ete. Saꞌa­wyꞌi miwan yt watikuap kuap i kat pote yt kat i Tupana Pãꞌãu aipiit pe pote. Koitywy heremo ahepe pote waku pe watoĩ­neꞌen Tupana Pãꞌãu toĩneꞌen ahepe hawyi.,satere-mawe
"Metĩndjwỳnh ne me kunĩ kêtri amijo me kwỳ pytà. Kute amijo mebê idjaer kwỳ pytàr ja ne kute me kanga kêt. Me bakukãmãre Erij ne amrẽbê Metĩndjwỳnhmã mebê idjaer'ã kabẽn ne 'ã ajarẽ. Nhym me arỳm kabẽn'ã pi'ôk no'ôk. Erij kabẽn dja gar ama. Nãm arĩk amim, —‍Arỳm ne me kunĩ Metĩndjwỳnh kanga, ane. Ne kam Metĩndjwỳnhmã kum, “Bẽnjadjwỳr djwỳnh, arỳm ne me akukwakam kabẽn jarẽnh djwỳnh kunĩ pa. Ne arỳm apỹnh anhõ ki djàri kungrà. Ba kam ipydjin ar iba nhym me kute badjwỳ ibĩnmã ijabej ar ba.” Nãm ã Erij kum ane nhym me arỳm 'ã pi'ôk no'ôk ne.",kayapo
"Aze teko uzeruzar taꞌyr rehe aꞌe wà nehe, Tupàn numumeꞌu kwaw aꞌe teko wanemiapo kwer ikatu ꞌym maꞌe wanupe nehe, nuzepyk kwaw wanehe nehe. Aze teko nuzeruzar kwaw taꞌyr rehe wà nehe, Tupàn umumeꞌu putar tuwe aꞌe teko wanemiapo kwer ikatu ꞌym maꞌe wanupe aꞌe nehe. — Azepyk putar penehe nehe, iꞌi wanupe. Aze xiraha ikatu ꞌym maꞌe tatainy huwake nehe, xixak putar ikatu ꞌymaw nehe. Aiko tatainy zàwenugar romo ihe. Ahem tuwà ko ywy rehe. Nahekatu kwaw teko wanupe. Nuputar kwaw tatainy wà. Uputar ipytunaw wà, taꞌe ikatu ꞌym maꞌe iapo har romo wanekon wà xe. Aꞌe rupi Tupàn uzepyk putar wanehe nehe.",guajajara
"Kato nhym mebê idjaer kabẽnkam Jeju kàj bê kabẽn ne Bãmmã kum, —‍Eroi: Eroi: rama xabatani, ane. Nãm ren me bakabẽn kam kum, —‍Inhõ Metĩndjwỳ:nh, inhõ Metĩndjwỳ:nh, mỳkam ne ga arỳm ikanga? ane.",kayapo
"E se a sua mão direita o fizer pecar, corte-a e lance-a fora. É melhor perder uma parte do seu corpo do que ir todo ele para o inferno.",portuguese
"Wara'at tak wuykitpit oceg̃uju eykay. Ixe ibuyxiat soat xe itabucayũ xe, itaybit cĩcã kawẽn idipat muwẽn ãm puye.",munduruku
"Igwete Jesus'ga ei hẽa pe: —‍Jihi ko g̃a mbogweraharamo ako g̃a mongovo, ei ga. Kiroki g̃a ojiko ji rehe – omanorame vehevi po ti g̃a ndekoi avuirama Tupana'ga pyri nehẽ, ei ga hẽa pe. Kiroki g̃a heaporog̃ita pyahu ojikoga ji rehe – g̃ahã po ti ndohoi tuhẽ hahyva'ea ruvihava pype nehẽ. Oko hete po ti g̃a Tupana'ga pyri avuirama okovo nehẽ, ei ga. Ererovia nde a'ea? ei Jesus'ga hẽa pe.",kagwahiva
Upéi Nhandejáry Tupã Nheꞌẽ Marangatu tee vaꞌe xe moꞌarandu-ma xe reraha hagwã yvyatyrusu ijyvate vaꞌe ári ohexa uka hagwã xe-vy. Upe ijyvate vaꞌe ári-gwi ohexa uka xe-vy Jerusalém tetã. Imarangatu tee vaꞌe voi upe tetã. Ou ramo Tupã Nhandejáry-gwi yváy-gwi ou upe vaꞌe. Iporã eterei voi. Nhandejáry mbaꞌegwasuha reheve omimbipa upe tetã pyahu. Ita kyra rendy ramigwa jaspe héry vaꞌe-rami omimbi porã vaꞌe.,kaiwa
"Taha wa, ma Zuwã Batitaha tẽme aimasa, ĩsiré 're ĩnomro mono norĩ hã. Ãne te tãma wasu'u za'ra: — Rowahutu'wa, Zodã zara niwĩ aihâimana ré, ma tô Zezusi hã we atẽme wi. Wisi wi, ma tô dama ĩwasu'u, 'Re ĩhâimana u'âsi mono te te ĩpisutu na Danho'reptui'wa da. E niha te bété õ hã te te duré dama 're ab'manharĩ, â dawabzuri hã. Zezusihi u si te oto aihĩni 're danomro. — Ãne te tãma rowasu'u za'ra.",xavante
"Tiaku tuhkase eya,  rui.",apalai
"Paulo isoa hoka hatyaoseta Festo nehena: — Xekohaseti Agripa, exahe xiso ali tyaoniterenae hoka xiyaiyehena exe haliti! Exe kakoa aliyere judeunae, exahe Jerusalém nali tyaoniterenae hoka kahalakoahareta hoka exaisaka aokahitaha nohiye.",parecis
"Te duré tãma nharĩ za'ra: — Ãté ni'wam norĩ hã te za danhibrob 'rare hã, dazô te te 're 'madâ'â wẽ za'ra. Tawamhã dama umnhasi wa, te za da te tãma 're pisutu za'ra, danhibrob ahâ na, te te dazô 're 'madâ'â za'ra mono da oto. Tane, danhibrob 'rare, dazô te te 're 'madâ'â wasété za'ra mono wamhã, te za da te 're waihu'u za'ra, ĩsa'ẽtẽ na zama, za dawi 're ĩsipsaihuri za'ra mono na. Ti'ai ãma danhimarĩ hã, dazô 're 'madâ'â wasété za'ra wa'aba mono wamhã, e 'wa hã te za marĩ ĩwẽ uptabi hã te te aima 're pisutu za'ra wa'wa, sô 're 'madâ'â za'ra wa'aba mono da. Mare di. Ni'wa, te te aima 're pisutu za'ra wa'aba mono õ di za.",xavante
"Tahe iwitxiramy ararybekre. Ibedeu kia raremyhỹu, sõwemy heka rama reamy raremyhỹ judeu sỹ mahãdu. Sõwemy wytese mahãdu heka ramamy rurumyhỹre. Biu heka roaõhykyre tai inataõ beòra weeremyhỹ wahe Sareta hãwã heka Sidõ bede‑ki tii rasỹnymyhỹre. Tahe Deuxu bede riywinyre Eliasi rakemy iny sohoji wytese‑ò, rỹsỹna riwahinykelemy wahe.",karaja
"Isỹ ũn mág nĩ tag tó kỹ sóg ki hã tó tĩ, vẽnh ó pijéꞌ. Hã ra sóg tó tũ nĩ, ãjag tỹ iso: “vẽnh kar kãfór vỹ tỹ ti nĩ,” he tũ nĩ jé. Inh jykre vég ãjag tóg mũgtĩ, inh vĩ mẽg ãjag tóg mũgtĩ, kỹ tag hã to jykrén nĩ, tag hã to ãjag tóg inh jykre ki kanhrãn ke mũ.",kaigang
"Aꞌeramũ ꞌgã ojewi opytuna ꞌgã opap jaꞌwyjaꞌwyramũ judeu ꞌgã amũ ꞌgã nerekoayau. —Oꞌmeramũ ꞌgã ꞌi akou pẽ nupe. Niaꞌwyri ꞌgã. Pẽ muꞌe tyweruu ꞌgã akou. Oꞌmeramũ te ꞌgã ꞌi akou— ꞌjau judeu ꞌgã opytuna ꞌgã nupe, ojewi ꞌgã opap jaꞌwyjaꞌwyramũ ꞌgã poromũ ꞌjau.",kayabi
"Tikmũ'ũn te xa' yĩkopit, 'ãpu yĩy, tu: “'Ũgmũg xuxyã te yohmẽn putup, tu' putpu' nũnnãp-tup,” kaxĩy, ha 'ãtux hok putup xa yohmẽn 2 nũnnã'. Kaxĩy.",maxakali
Ojeupe ae “Hiꞌarandu vaꞌe” heꞌi vaꞌeri inhakã porã veꞌỹ vaꞌe opyta.,guarani
"Hamũn, 'a yũmũ'ãte' pẽnã'ah pexkox yõg hãpxop, pa yũmũg kuxa mãm ka'ok, hu hãmyũmmũg.",maxakali
"Elioditibece me yatecoɡ̶o moyotaɡ̶aneɡ̶e Aneotedoɡ̶oji awatege niɡ̶ijo nioxoadipi Jesus, ajo eliodo, ijaaɡ̶ijo eledi iwaalepodi.",kadiweu
"Hari. Pilatos va'ora ni'aha adani sasidotxi vavaka'da'diva, ija'ari vaipohiki vajoroniki khama: —Ni-nahina jaharikia kabadaniki hada makhira. Badani jahariki-ra bada ni'aravini mani ida abinina ovahonariahiravini hija.",paumari
Chaynümi lluypis Jesuspa aychan cayanchic. Chay aychap imaymana partinmi lluypis cayanchic.,urubu-kaapor
"Yxãn¹­ta¹­, hĩ¹­na²­ sa²­kxai³­lu²­ Je³­ru³­sa³­lẽ²­thĩ³­na²­ ã³­nxai³­sã²­na¹­tu¹­wa²­. Na¹­kxai²­nãn²­tu̱³­, Txa²­wã¹­sũ̱³­na²­ yxo²­ĩ²­ain¹­tũ̱³­ka̱³­txa²­ Je³­ru³­sa³­lẽ²­thĩ³­nai²­nãn¹­tũ̱³­ka̱³­txa²­ nxe³­yain¹­thi³­ka³­txa²­ ã³­nhxi²­nũ¹­nũ³­hai¹­na¹­tu¹­wa²­. Nxe³­ju³­ta²­, Txa²­wã¹­sũ̱³­na²­ yxo²­ĩ²­tũ̱³­ka̱³­txi³­nãu³­xa²­, Ma³­se³­to²­na²­ko³­xa²­ yxau³­yai¹­ni²­, Kre²­sa²­ko³­xa²­ yxau³­yai¹­ni²­, nxe²­ ha¹­lin¹­yain¹­tũ̱³­ka̱³­txi³­nãu³­xa²­ wã²­nxũ̱¹­ha̱in³­nhain¹­te³­nah¹­lxi¹­: — Nũ¹­ã¹­ Je³­ru³­sa³­lẽ²­thĩ³­nãu³­a¹­ Txa²­wã¹­sũ̱³­na²­ yxo²­ĩ²­yain¹­tũ̱³­ka̱³­txa²­, a²­nũ²­a²­ yen³­kxi³­ txa²­ye²­tũ̱³­ka̱³­txa²­ yũ³­ye²­na³­li¹­. Yxãn¹­ta¹­, Txa²­wã¹­ki̱³­na¹­xai²­na²­ yen³­kxih³­ki̱³­tã³­li¹­. Ki̱³­sa²­kxai³­, Txa²­wã¹­ha³­te̱h³­nxã³­nxa²­ wã²­nhũ¹­ya³­sain¹­yah³­lxi³­hẽ¹­li¹­. A²­yen³­kxi³­ txa²­tũ̱³­ka̱³­txai²­na²­ ã³­nhxi²­nũ¹­nũ³­hain¹­txai²­la²­. Ka³­lih³­khai¹­nxe³­sxã³­ ũ³­hũ¹­ain¹­ki̱³­tã³­li¹­. Ain¹­ta¹­hẽ¹­la²­. Nain¹­sxã³­, a²­ha³­te̱h³­nxã³­nxai²­na²­ ũ³­hũ¹­sain¹­na²­hẽ³­la²­. — Nũ¹­ã¹­tũ̱³­ka̱³­txa²­ ũ³­hũ̱t1sĩ¹­nhẽ³­li¹­. Sain¹­sxã³­ ũ³­hũ¹­sain¹­na²­hẽ³­la²­. Ain¹­ju³­ta²­, ã³­nhxi²­nũ¹­nũ³­hain¹­ju³­ta²­ wain³­na³­la²­. Nxe³­sxã³­ Je³­ru³­sa³­lẽ²­thĩ³­nãn¹­tũ̱³­ka̱³­txa²­ Ju³­te²­a²­ nũ̱³­ka̱³­txi³­lxã²­na³­la²­. Yxãn¹­ta¹­, Ma³­se³­to²­na²­ko³­xan¹­tũ̱³­ka̱³­txain²­txi³­, Kre²­sa²­ko³­xan¹­tũ̱³­ka̱³­txain²­txi³­, hai³­txi³­ Ju³­te²­a²­ nũ̱³­ka̱³­txi³­sxa³­wa²­. Ju³­te²­a²­ nũ̱³­ka̱³­txi³­sxa³­tũ̱³­ka̱³­txi³­lxã²­na³­la²­. A²­ha²­ kxã³­nxa²­ Ju³­te²­a²­ nũ̱³­ka̱³­txai²­na²­ ã³­nxai³­sxã³­, Ju³­te²­a²­ nũ̱³­ka̱³­txi³­sxa³­tũ̱³­ka̱³­txai²­na²­ Sũ̱³­na²­ wãn³­txa²­ wi¹­jau³­xa²­ oh³­nãu³­u¹­tai²­nãn¹­jau³­xa²­ ĩ³­yau¹­ũ³­hain¹­ta¹­ti³­ai¹­ti²­tu³­wa²­. Nxe³­kxa²­yo³­ha²­ wã³­kon³­ye²­na³­la²­. Nxe³­ha²­kxai³­, hĩ¹­nai²­na²­ Ju³­te²­a²­ nũ̱³­ka̱³­txi³­sxa³­tũ̱³­ka̱³­txai²­na²­ a²­ha³­te̱h³­nxã³­nxa²­ ũ³­yho³­hi²­txã³­nxa²­ a²­yen³­kxa²­ yuh³­xai²­nãn¹­te²­ yen³­kxa²­ tẽ³­ain¹­ka³­tu̱³­ Ju³­te²­a²­ nũ̱³­ka̱³­txa²­ ũ³­yho³­hi¹­xain¹­te³­lhxã³­ nxe³­tai¹­ti²­tu³­wa²­. Ain¹­kxai²­nãn²­tu̱³­, hãi¹­nxe³­sxã³­ ha³­lo²­a²­ wã³­kon³­ye²­ju³­ta²­ so¹­lxi³­ o²­la³­kxai¹­nhĩ̱³­nx2na³­la²­.",nambikuara
Aipo renupawe ꞌgã amũ ꞌjau: —Aꞌjea futat. ꞌGa Jarejuwarete ꞌga jeꞌega momeꞌwara raꞌe— ꞌjau ꞌgã ajaupe.,kayabi
Ina kixovókoxopaikomaka Jesus: —‍Kutimea motóvo ínzokea ra xanéhiko apêti yara káxehiko kó'oyene? Kutimea koéneye?,terena
"No entanto, você tem aí em Sardes uns poucos que não contaminaram as suas vestes. Eles andarão comigo, vestidos de branco, pois são dignos.",portuguese
"Ti mꞌ raky hadoo: —Berẽnh panang bä, Judah häj nꞌaa bä tabenäng da —näk mäh. —Hahỹỹ da Pꞌop Hagä Do ky nꞌaa rod see erii wät paa ta ti ky nꞌaa —näk mäh:",nadeb
"Yã' max Kunnix 'ãktux 'ãnõy pu' Tu xe hãm'ãktux, hu: —‍'Ũgmũn ya Tikmũ'ũn Kutok, tu xa hãm'ãktux nãm. Tikmũ'ũn te' xohix pu hãm'ãktux, hu: 'Ũgmũn yã Yeyox yõg, kaxĩy, kopxix 'ãte hãm'ãktux putup, tu pexkox yõg nũ'pok xop pu' xuktux putup, hu: Hamũn yã yõgnũ'. Kaxĩy.",maxakali
Ti mꞌ madꞌaak do ta ma matëg rata hõm kän kawaju gó. 12 mꞌ kawaju gedẽ hõm doo. Ji ma poo oow hadoo do paa madaag kän hajõng pãw bód.,nadeb
"Ũ tỹ isovãnh ke mũ ẽn fón jé tóg ke mũ, inh panh ti. Ẽg tỹ uva pẽ kórég kym kỹ vãm ẽn ri ke tóg nĩ. Ẽg tỹ ti pẽ kym kỹ fón kỹ tóg tóg mũ, kỹ ẽg tóg ti pũn tĩ sir. Ẽn ri ke han jé tóg ke mũ, inh panh ti, ũ tỹ isovãnh mũ ẽn tỹ.",kaigang
"Vo'oku aínovonehiko xâne ákoti itukapu koati kaná'uti ápostulu. Haináhiko páhoe Jesus koyúhoyea emó'u. Aínovo aupú'ikotihiko, kahá'ati íkutipea xâne itúkeovohiko ko'itúkeinoti Itukó'oviti. Koati itoâtimaka kutí kó'iyea ovoxe Kristu ukékuke xanéhiko.",terena
Mẽ kot Jejus nhỹ hã mẽ ahkre hã amnhĩ to mẽ hêx xwỳnhjaja na htem mẽ amã tanhmã amnhĩ to jarkrar to nẽ mẽ amã: —E mẽ inhma. Mẽ ixpê Ijaew na pa mẽ. Mẽ arom mẽ ixpê finat Apraãw kanrẽhã htàmnhwỳ jakamã kwa mẽ ixkapẽr ma nẽ mẽ ixkôt amnhĩ nhĩpêx. Anẽ. Nom ijaxwỳja ixpê Ijaew tã pa hte mẽ uràk nẽ ja hã amnhĩ to jarkrar hkêt nẽ.,apinaye
"Hoka xiso tehitiya ite nikareta xatyahahena ximaholawakahareneta. Awa atyo xamaikohare. Hiyaiya, Xekohaseti ite haxeroreta haikoaheta.",parecis
"Kɨ̃ɨ̂ tohô niikã́ tɨ'ógɨ, tií di'ta ko'tegɨ́ a'tîro yɨ'tíkɨ niîwĩ: “Yɨ'ɨ̂ wiôgɨ, a'tí kɨ'ma di'akɨ̃ dɨ'á nɨ'ko ni'iya yuhûpɨ. Yɨ'ɨ̂ tigɨ́ sumútoho di'tâ ãyuró se'ê kũu, nohâ tuu yã'agɨti weé'. Tohô weekã́, apé tero weéro dɨkâti boosa'. Dɨkâtitikã maa, paâ kõ'a dutiya”, niîkɨ niîwĩ, niî werêkɨ niîwĩ Jesu. Teeré tohô niîgɨ, masá naâ dɨka yuúkã ko'tê ni'igɨti yuhûpɨ, maatá bu'îri da'rêsome niîgɨ, tohô niîkɨ niîwĩ.",tukano
Kỹ Barnabé tóg   pére tĩg sór mũ.,kaigang
Hari. Aja'di'iki ida akadiva'ibodivarani. Cristo-ra aogaravini kari ija'ari araboa hojaki kava'ibodivarani fori hi'iki ida akadiva'ibodivarani. Binokiki ida ija'ari oniani ida jahani jaharini bikava'ibodivaranivini hija. Nimania ida jaboni 'bo'dakari Cristo-ra akava'ibodivaranivini. Ni-niki-ra akava'ibodivaranijanaki.,paumari
"— Amuwete katu Tupàn teko ihe, aze amo teko iꞌi uzeupe wà nehe, aze umumeꞌu zeꞌeg iaiw maꞌe tuweharupi wà nehe, aze uzeꞌeg zemueteahy amo wanehe wà nehe, azeharomoete aꞌe teko numuwete katu kwaw Tupàn aꞌe wà. Hemuꞌem waiko uzeupe wà no.",guajajara
"— Kirakoane ite xiso fariseunai xikaxomokaka! Hiyaiya, xijita atyo Enore ana holini hortelã, arruda, tyotya atya hana kanakoairoarenae xoaha hiyeta. Xakore hoka xahalakijita atyo Enore nawaiyexehare exahe xawaiyera. Nikare ene atyo hatyoharenai xisomehena exeharenai ximahalakirahareneta — nexa.",parecis
"“Tupana'ga ra'uva ji pojyka. A'ereki Tupana'ga a'ea mongo ji pyri ikwehe'i. A'ero ga ei ji ve: ‘Emombe'u ti pyryva'ea iporia'ive'g̃a pe. Kiroki g̃a ndovy'ari – g̃a pe ti ere: Kiro ji pe mbovy'ari pe nderekokatuavo. A'ea ti ere g̃a pe. Eho ti imombe'gwombe'gwovo aherembipyhyhara'g̃a pe,’ ei ga ji ve. ‘Ere ti g̃a pe: Pepiro'y pe pepyhyhara'g̃a hugwi. A'ea ti ere g̃a pe. Heakwagweve'g̃a pe ti ere: Kiro ji pe mboheakwakatui. A'ea ti ere g̃a pe. Kiroki g̃a hahyva'ea kwaha – g̃a pe ti ere: Kiro ji pe mbopiro'yi hahyva'ea hugwi. A'ea ti ere g̃a pe. Eho ti imombe'gwombe'gwovo yvyakotyve'g̃a pe. Ere ti g̃a pe: Kiro po ti Tupana'ga pepojykaharete'ga imombyryvi pe me nehẽ. A'ea ti ere g̃a pe,’ ei ga ji ve.” A'ea Jesus'ga ei onhi'ig̃a Isaíasva'ea rembikwatijara pe tohendu ti g̃a javo.",kagwahiva
Íhikexamaka itúkea uhá koeti mbáhoenopinoe itíki. Yoko anéyemom xikóyokenoe uhá koeti káxe tukú koeti hunókokukemo ra mêum —‍kíxovokoxoane Jesus. Hunókokune.,terena
"Aõu arehemynykreu, ararybekre aõmybo tii rotỹỹnyre tule aõbinamybo rarybere inymy. Aõ tiihykyle aõkõ, iny ityhydỹỹdu seriòre hãwãwitxira ludu ixidee tarora‑ò rimyõtyhy. Inyõ kia seriòreõ rimykeki, tii riixãwidinyre idy‑ribi tii seriòredyna‑õ dohodỹỹdu mahãdu‑ribi hitximy riteònyre.",karaja
"'ũnõg putup hãmnõgnõy xix hãm xexka', pa yõgnũ hãm'ãktux pip mõkuma'mõg, tu' nõg putup 'ohnãg. Kaxĩy.",maxakali
"Umumeꞌu tuwe aꞌe. Umumeꞌu uwer rehe. Aꞌe rupi nuzuhaw kwaw nehe. Uzapo putar tuwe nehe. Aꞌe rupi zane tatahu wi ipyro pyrer zane kury, zanerurywete zane kury. Zanekàg tuwe no, taꞌe xiàro tuwe hemiapo ràm zane xe, taꞌe umumeꞌu tuwe purupe kwehe mehe aꞌe xe. Zanepyro tuwe tatahu wi. Zaha putar tuwe ipyr nehe.",guajajara
"Énomone ngó'ino: Itukápuikopo vo'oku níngea nau hó'openo íngorokino mbo'ínu, ákonemo níngeaku nê'e, maka hákone ingorókoa.",terena
"Bë makyys apäh takꞌëp Pꞌop Hagä Do ky enyym do bë wë, ji tahyb nꞌaa bꞌaah doo? Dooh tagahꞌood bä bë hã, bë wë tawén ky enyym, ta wë bë hꞌyy kawareem hyb nꞌaa paawä ta hã bë hꞌyy kaꞌeeh hyb nꞌaa kä?",nadeb
"Nãm ã kum anhỹro dja nhym me kwỳ bẽnjadjwỳr Djajru nhũrkwã kurũm tẽn ar kajpan arỳm Djajrumã kum, —‍Arỳm ne akadjwỳx akuno. Kwãrĩk wãnh ijukri ujarẽnh djwỳnh kunor kêt, ane.",kayapo
"Kaa bede reakoki tuu rarybereri. Tuu reakreu tahe, kaiboho biwatyhynybenykre.",karaja
Deua binaibavijahaki ida akoiri ibavini Hari. Mitha vani'a bana hida Ma'onahai Jahaki athi Deus athi kapapirania hojaki: “Hidakaba'i mitha vani'a bana hida Deus a'onira ni'avini hiki. Hari'a bana morobohariki fori vihi'a. 'Bo'dakari avakadija'ari avikhananavakia vakajoni'iki ida Deus athi. Hari'a bana va'oaniaro fori vihi'a. Amasia vaadahana kari ni-Deus vakadiania hojaki-ra vavakaijoka'iki. Ni-vavakaijoka'iki jaboni ida va'ora akadava'avini. Nimania ida Deu-ra vakaijo'avini.”,paumari
"Ehendu tuhẽ nhinhi'ig̃a g̃a mog̃itakatupava. Terei ti: “Nda'ei po ti ji ga pe garekote'varuhua rehe. A'ereki ji ako hete ga rehe.” A'ea terei. Ojipe'ga pe terei no: “Anhi'ig̃ahy hete po ti ji ga pe garekote'varuhua rehe. A'ereki ji ndakoi ga rehe.” A'ea terei no, a'e ji nde ve Tupana'ga ji renduvame. Nhandepojykaharete'ga Jesus Cristo'ga ji rendu no. Yvagipeve'g̃a ji rendu no Tupana'gapyrive'g̃a garemimo'ẽharamo.",kagwahiva
Hari. Ija'aria vagathanihi ida makhira kana'dohi: —Jesus mani ada radahara — vani'aha.,paumari
Jesua bivaabiniki ibavini maakarinia hojaki ida ibavi ihi'ai avani ipohiki. Idiaja hojaki ida ja'di khorahaki. Ka'damahi ibavini kaimoni ida ja'di hodijama'oki. Ni-nahina ka'damaha'iaki kaho hi'ida ja'di hodini bodinia.,paumari
"Salu tahe, Paulo ijõ ini rare. Deuxu Tyytybytyhy heka itykymy ralòmy rỹimyhỹre. Tahe Paulo retehere Elimasi‑ò tamy rarybere: —Kai Satanasi riòre tate. Kai heka ibutu itxenadỹỹ‑di tỹxihikỹlemy ahãte. Kai heka awihikỹ òludu tate. Tiubo heka bexihukre Inynyrỹ‑ribi iny riixãwididỹỹnyre. Deuxu heka wiji araòwynykre, aõhõkỹmy arasỹnykre, aruetàmy bonykre. Txu bobiõkre bede biwyke. Iule tahe aõwesele bede torohokỹlemy reare. Robiõhyymy reare. Urile riemy ratximyhỹre, iny riwiòhenanykemy, ryy tamy ritỹnynykemy. Tahe kia bedebute dinodu tuu robire aõhebo rotỹỹnyramy, tai bede riòtiinymy ronymyhỹ tahe tii Inynyrỹ rityhynyre.",karaja
"Toku ikaji tâiseba itaungâ. Toku ikaji midyly-ro watay, kywypado kulâ ise amânhekylymo. Deus Ispiritury amânhetomoem aguehobyrylâ aietaungâ, omazehomoem.",bakairi
"Hatyaoseta Saul emaisaheta hoka Davi moka exekohaseha maheta. Nexa Davi xaokaka: “Jessé ityani Davi atyo waiyeta nomani, nawaiyeta xoaha enomana. Naokitere akeretaite tyomehena”, nexa.",parecis
"Nuenu katu kwaw izeꞌeg wà. Aꞌe rupi Zezuz uzewyr oho wanupi kury, Nazare taw pe aꞌe. Aꞌe pe weruzar wazeꞌeg tuweharupi. Ihy imaꞌenukwaw katu aꞌe maꞌe rehe paw rupi aꞌe, imonokatu pà upyꞌa pe aꞌe.",guajajara
Tai tahe iny sõwe mahãdu irybe‑ò doholade. Ijõ kiamy narybede: —Eliasi‑ò hòwa ryryreri.,karaja
"Takꞌëp bë hyb nꞌaa newë hadꞌyyt né paawä, dooh bë haja bä bë aboo dawëd bä ta tii da —näng mäh.",nadeb
"Igaataɡ̶a oko eledi jajipaaɡ̶atalo nibodicetedi anele ane icoɡ̶otedibigimece miniwataɡ̶a Aneotedoɡ̶oji, digo mijotaɡ̶a ɡ̶odaamipi mowajipatalo. Owajipatalo lotaɡ̶a Aneotedoɡ̶oji, pida niɡ̶ijo mowajipatalo aɡ̶ica anoniboloiteetece leeɡ̶odi aɡ̶oyiwaɡ̶adi.",kadiweu
"Ha tikmũ'ũn te kakxop putup, 'ũgmũn putup tu', kopxik xip nõm tikmũ'ũn mũtik kamah.",maxakali
"Topẽ vỹ tar nĩ, kỹ tóg kejẽn ẽg mỹ nén ũ jagy jẽnẽg tĩ. Ti kato tẽ tũg nĩ hã ra, ti tovãnh sór tũg nĩ gé. Kỹ tóg ã kurã ki ãjag tỹ ũn mág han mãn ke mũ, ha vemnĩ.",kaigang
"Delas também falamos, não com palavras ensinadas pela sabedoria humana, mas com palavras ensinadas pelo Espírito, interpretando verdades espirituais para os que são espirituais. Quem não tem o Espírito não aceita as coisas que vêm do Espírito de Deus, pois lhe são loucura; e não é capaz de entendê-las, porque elas são discernidas espiritualmente. Mas quem é espiritual discerne todas as coisas, e ele mesmo por ninguém é discernido; pois",portuguese
"—Upéixa voi, heꞌi joa judeu kwéry, omoporã-vy onhonheꞌẽ. —Anhetegwa voi Paulo-rehe hemimombeꞌukwe, heꞌi joa hese.",kaiwa
"Kejẽn ãjag tóg hã ra vẽnh jykre há tugrĩn vẽsỹrénh ke mũ, Topẽ vĩ tugrĩn. Kỹ mỹ sér jagy nỹtĩmnĩ. Ẽprã ke ag kamẽg tũg nĩ. Ag vĩ jẽmẽ sór tũg nĩ, ag tỹ ãjag tỹ ti tovãnh han sór mũ ra.",kaigang
Deus cuk ixe o'taẽ jebekitkiyũ kay ag̃ am. O'taẽ jebekitkiyũ epaĩm yobog̃an. Jesus cedag̃ ma jekapikap kug̃ osunuy ixeyũ kay ag̃. Ixe buxim Moisés dak cedag̃ ma jekapikap kug̃ osunuy Deus ebekitkiyũ kay ag̃.,munduruku
"Fóg ag mỹ ag tóg inh fẽg ke mũ, pãꞌi ag, Jerusalém tá, ha vemnĩ, ag tỹ iso é he jé, ag tỹ inh vóg kónãn jé, ag tỹ iso sug ke jé gé, ag tỹ inh mrãnmrãn jé. Ag tỹ isén ke vẽ. Hã ra sóg kurã tãgtũ tũg kỹ rĩr mãn ke mũ, ha vemnĩ,” he tóg, ti mré mũ tĩ ag mỹ, Jesus ti.",kaigang
"Naꞌe Zurupari weraha Zezuz Zeruzarez tawhu puràgete pe kury. Tawhu Tupàn pe imonokatu pyrer, zaꞌe aꞌe tawhu pe. Omono kar Zurupari Zanezar Zezuz tàpuzuhu aiha weraꞌu maꞌe iꞌaromo kury.",guajajara
"pois em breve, muito em breve Aquele que vem virá, e não demorará.",portuguese
"Cay pachäćhu llapa llapanpis chay wañücunapïta nunay-nunay cushisha fistachaculcal rigälucunacta unaculcan'a, chay ishcay willacücunaca paycunap turmintun caśhanpïtamari.",urubu-kaapor
"Deus tyeinwândylygue myakâwândy mârâ âji aguehobyryam taintuo, âkelomo eonroru anano ara kulâ awyly. Abraão, eagâ idâwâtyby modo warâ âtâ ânguydo imeom itubygue itâdyby odaymo mykâinane, âdapa lelâ. Etywâdyly, idâkawynly waunlo mykâinane etymo, myarâ, myarâ warâ âxiguelymo-ro watay. Abraãoram adâkehobyry ara lâpylâ myakâwândy Deus, Isaquenra, Jacóram warâ aguely, eyanmo tiunduly wâgâ. Deus einwândyly âdaunloenlâ nimobamo myakâwândy.",bakairi
"Aipo ꞌgã ajatykau ojeꞌega monou Jarejuwarete ꞌga upe. Ojemiꞌwareꞌema futat ꞌgã Jarejuwarete ꞌga upe oporogyta enune. Aꞌe pype Janeruwarete ꞌga ꞌAgesage ojeꞌega ꞌgã nupe: —Pemũꞌẽ ꞌgã amũ jee, je upe oporowyky maꞌeramũ— ꞌjau Janeruwarete ꞌga ojeꞌega ꞌgã nupe. —Panape ꞌga, Saulo ꞌga. Mĩmera ꞌgã etee ki pemũꞌẽ jee. Toporowyky ꞌgã jee ꞌjau— ꞌjau ꞌga ojeꞌega ꞌgã nupe.",kayabi
"Tomeseke ehtoko oenekunohpyra xine imehnõ ehtohme. Tonekunohse awahtao xine eya xine, yna erohtopõpyry ahnikapõko matose. Yrome oenekunohpyra xine imehnõ ahtao, tãkye exĩko ynanase yna erohtamitu apoiryke yna a Ritonõpo a, emero porehme.",apalai
Haꞌe rami ae avi Satanás kuery meme ri jopeꞌa vaꞌe rire ojee ae opuꞌã ꞌrãgue. Mbaꞌexa tu haꞌvy ipoꞌakave ta?,guarani
Miꞌi hawyi tuwe­ponug hira­karia ete hawyi toiꞌatue­waku yne raꞌyn topo wo hawyi tuwat i raꞌyn Iesuiꞌin itote pyi.,satere-mawe
"Hãmyãxatamuk 2 hã hãmyũmmũgãhã', ha hãpxexka 'Ax yõg tikmũ'ũn xohix te Topa yõg hãm'ãktux'ax 'ãpak, Yoneo xop te' xupak, xi' puknõg xop.",maxakali
"Ti mꞌ taky hadoo ẽnh: —Né hup ỹ né hẽ hahỹ ỹ herꞌoot doo: Da hẽ habong do rahapäh nä da sahõnh hẽ ỹ herꞌood wät do bawäd kän. Jesus hã reaaj wät ny noo gó Pꞌop Hagä Do tób nꞌaa rarejãã. 37 ta baab jawén paa bä, hahỹ Jesus herꞌoot do jawén paa bä, Roma buuj sa warahén nꞌaa rarejãã Pꞌop Hagä Do tób nꞌaa Jerusarẽnh bä hasooh do paah. Sahõnh hẽ Pꞌop Hagä Do tób nꞌaa panꞌaa pä kepyyj hyng Roma buuj sa warahén ranꞌoo bä.",nadeb
"PAOT TE KÕMẼN 'EP YÕG TIKMŨ'ŨN KUXA MÃM KA'OK XOP PU KAX'ÃMI' 'Ũgmũn Paot, ha Topa tep-tup, pu Yeyox Kunnix nũ'kutnã', ha 'ãte kõmẽn 'Ep yõg tikmũ'ũn kuxa mãm ka'ok xop pu kax'ãmi, nõm xop te Yeyox Kunnix tu' pip ka'ok, tu' kuxap-xet Yeyox Kunnix kuxa mũtik,",maxakali
"Copo ga ipyhygi. Ipype oko vinho. Hehe ga nhi'ig̃i Tupana'ga pe nde pyry hete nde imbuhua ore ve javo. Onhi'ig̃irẽ ga pe ga ei omoirũhara'g̃a pe: —‍Koro, ei ga g̃a pe imondovo copo g̃a pe. Pema'ema'ẽ ti pejive i'gwoi'gwovo, ei Jesus'ga g̃a pe.",kagwahiva
"Rowasu'u wẽ hã aré dama ĩwaihu'u'õ hã 're ĩhâimana mono hã, ãne. Zudezu'õ norĩ hã Cristuhu wasu'uwẽ te te 're saze za'ra mono wa, marĩ ĩwẽ na zudezu norĩ ma 're ĩsõpru mono zéb da hã, 'Re ĩhâimana u'âsi mono te te tãma 're ĩropisutu za'ra mono zéb ré, te za 're hâimana za'ra. Simisutu te za oto 're hâimana za'ra, dahâiba misi ne. Cristu Zezusihi ãma oto 're nomro mono wa, 'Re ĩhâimana u'âsi mono hã tinhib'a'uwẽ norĩ ma, marĩ ĩwẽ na te te tãma ĩropisutuzéb zarina, te za zudezu'õ norĩ ma zama te te tãma ãma 're a'uwaimrami, zudezu norĩ zu. Ãne zudezu'õ norĩ ãma te te sima ĩrotizé hã. 'Re ĩhâimana u'âsi mono hã simizawi pese wa, ma tô ĩ̱pisutu, tãma ĩromhuri'wa 're ĩ̱morĩ da, Cristuhu wasu'uwẽ hã te dama 're wasu'u mono da, tiwaihu'u pe hã te te ĩ̱ma sõmri wa.",xavante
"Ẽ, gop ije inhikrao pi'ôk no'ôkja pumũ, ba ibê Paur dja ba amã o pãnh. Kwãrĩk wãnh, ga dja ga àkĩnhĩ pãnh kum arẽnh kêt. Gora ijã mãn amijakren ikudjwa pãnh jarẽnh kêt, àkĩnhĩ pãnh kum arẽnh kêt, tu ate akrã. Ga ije amã Jeju jarẽnh ne ije amã pãnh jarẽnh kêtja pumũ. Nã ba ren amã Jeju jarẽnh kêt ga ren amim mar kêt ne tu abiknorkumrẽx ne. Bep kati, nã bãm amã arẽ ga ama ba kam ije amã pãnh jarẽnh kêt. Gora aje ipyràk ne tu àkĩnhĩ pãnhja mar kêtkumrẽx. Ônemu kute ajo bikẽnh tũmja tu o pãnh mar kêt.",kayapo
Tã kot puj mẽ nhỹrmã õ krĩ hwỳr api nẽ kuri paxàhpumunh jatur xàm mẽnh pa. Jakamã nhũm jar mẽ paxàhpumunh tohtuj anhỹr xwỳnhta mẽ pahpê hapêx.,apinaye
"Tawamhã hâiwa ãma 'Re ĩhâimana u'âsi mono ma romhuri'wa hã, tô õ hã ma tô duré ĩ̱zaprõ, â u'â hã te 'madâ'â da. Â u'â hã da te 're âhuri mono wa, dato sina 're ĩdanomro u'âsi mono zé hã. Simhi zarob'a uptabi ne â zarob'a uptabi di, â u'â hã. Panho'u 're ĩpraba za'ra mono ne, te 'Re ĩhâimana u'âsi mono norĩ simasisizéb zahâpâ hawi tipraba, Pone'ẽrebâi me. 'Ri nho'õmo wa'wa, 'ri nhi'ridi ĩnomro wa'wa, te tipraba. Duré wede hã â praba zaihâ si'uiwa na ĩsãna'rata si'uiwa hã te tame 're sa, ĩ'rã hã da te 're huri mono wa, 'Re ĩhâimana u'âsi mono 'rata, dato sina 're ĩdanomro u'âsi mono zé hã. A'amo sidâpâsi ĩ'rãzé hã. Wahub sidâpâsi te 're 'rãi u'âsi. Duré ĩsu hã daro mono bâ apâ ãma 're ĩdazéptâ'â za'ra mono zéb da hã.",xavante
"Xakore hoka Cristo atyo iniyalahare kaxomokaka wiwenekoare hoka iyeheta wiso Xaotyakiyaho iniyalahare mokitere wiso nonitata. Hiyaiya, exakere atyo Iraiti Waiyexe nexa: Xala xamani atyo kaxerahokaka atya hiye hoka hatyo atyo maisa waiyexe xini, nexa. Nikare tyaona Enore waiyexe wenati aohenere Abraão hiye kaxekaka majudeuneharenae ana maheta Jesus Cristo hiyeta, exahe Isekohaliti Enore axikatya aokowihenere hoka kaotyaka wityotya womana maheta wityakekone hiyeta.",parecis
"Tikmũ'ũn te mĩptut max pe'paxex kutõgnãg, pa tikmũ'ũn te mĩptut mĩy, ha nõm tu pe'paxex xexka'. Kaxĩy mõnãyxop hittap Mõyyex yã xexka 'Iyaet yõg tikmũ'ũn kopah, ha Yoneo xop te nõm 'ãktux max, pãyã Yeyox mũn xexka xe'ẽgnãg, tu Topa yõg tikmũ'ũn xohix hã' xuxyã', yã Topak-tok xe'e'.",maxakali
"Ne kam amijo aptàn ar pa 'amỳn kuwyo imôtikam ar kumẽ. Nãm mrymẽ kabẽn jarẽnh djwỳnh 'êxnhĩja ro'ã ar pa 'amỳn aro tẽn kuwyo imôtikam ar kumẽ. Kabẽn jarẽnh djwỳnh 'êxnhĩja ta kute mỳjja pumũnh kêt kwỳ nhipêx, kute mry djô'ã kabẽnkôt mỳjja pumũnh kêt kwỳ nhipêx ne o kute me noo biknor. Nhỹnh me ja ne me noo akuno? Bir, me'ã mry nhidji jarij ne kute mry karõmã amijarẽnh ne kute kum rax jarẽnhja, me tãm ne kabẽn jarẽnh djwỳnh 'êxnhĩja me noo akno. Kam ne Bẽnjadjwỳr Jeju mrymẽ kabẽn jarẽnh djwỳnh 'êxnhĩja ar ro'ã ar pa 'amỳn aro tẽn kam kuwyo imôtikam ar kumẽ. Ar tĩn ne ar pa 'amỳn aro tẽn kuwyo imôtikam ar kumẽ. Kuwymẽ kẽn ngrãngrã pôkkam ar kumẽ. Ne kam me kôt mõrja nhimex ne. Jeju kawaru'ã ỹrja tãm ne ajkwa krekre kurũm kàxdjwa kajgo katorjao me imex ne. O ne pyka kunĩkôt me bẽnjadjwỳrmẽ ar õ krãkamngônh ro'ã me imex ne. Me imex nhym àk kunĩ me kwỳ krẽ:n meo ajne.",kayapo
"Tawamhã 'râwi te oto sima rosa'rata, buru tede'wa hã: “Ĩ̱'ra si'aibâ hã te ĩtẽme satõrĩ za'ra wamhã, ãté te za siwi hâiba wazé.” Ãne te sima rosa'rata, buru tede'wa hã. Tawamhã uburé da te tiwi uprosi za'ra wa, te oto ti'ra uptabi hã satõ, tãma ĩburu 'madâ'â'wa norĩ u.",xavante
Mîrîrî ayesaꞌkon wanî epuꞌtîyaꞌnîkon pra kin naatî? Paapa Yekaton koꞌmantoꞌ pe awanî. Moropai Paapa winîpaino pe awanî. Mîrîrî yeꞌnen aawarîronkon pe awanîkon pepîn mîrîrî. Tîîse tîmîrî pe Paapaya amîrîꞌnîkon yennaꞌpî. Moropai ayeꞌmaꞌpîiyaꞌnîkon pakîꞌnan pona tînmu saꞌmantatoꞌ ke tîmîrî ton pe. Mîrîrî yeꞌnen Paapa yapurî pe ayesaꞌkon yapurîyaꞌnîkon epuꞌtî.,macushi
Waku wati­mõ­typot aiꞌa­pykok haria aimuꞌe haria mesu­wa­ro­tiaria iꞌewyte saꞌa­wy­ꞌi­wuaria Tupana ehay moherep haria. Yt naku i waure wo neꞌi miꞌiria kai wato­py­huꞌat katu­pono miꞌiria aimotag Tupana mohey hap etiaria wo tukup­teꞌen. Waku watu­kup­teꞌen aiꞌa­pykok haria saipe­piaria wo iꞌatu­minug wakuap nug haria wo. Waku iꞌatuiã­ꞌãkap wo watoĩ­neꞌen iꞌatu­minug wakuap koꞌi nug hap ete. Miꞌiria Tupana mimõ­typot wuanuaria. Waku aito watunug miꞌiria minug wakuat ewywuat. Waku wato­mohey Tupana miꞌiria piat imohey hap ok tã.,satere-mawe
"Txa²­wã¹­hxi²­kan¹­ta²­ Si³­yxau³­jah¹­la²­ ka³­na³­ka³­na³­jah¹­lai²­la¹­wa²­. Yxo²­ĩ²­ki̱³­jau³­xai²­na²­ yau³­ka³­na³­ka³­nat3sxã³­ yxo²­ĩ²­ki̱³­tã³­la²­. Ĩ̱³­yau³­xa²­ ũ³­hũ¹­kxi²­sa²­sai¹­nx2ti³­ta¹­hxai²­hẽ¹­la²­, Je³­su²­jah³­la²­ ka³­na³­ka³­na³­jah¹­la²­ a²­sa³­wi³­ha³­lxi³­su²­ ti³­hi¹­tẽ³­lha²­kxai³­la²­. Nxe³­jah¹­la²­ so¹­lxi³­ yxo²­ĩ²­ki̱³­tã³­la²­.",nambikuara
"Uburé marĩ ĩwẽ si te 're ab'madâ'â mono da nherẽ, taha si te 're 'madâ'â mono õ di. Taha upana, wa ĩwasété si te 're ab'manharĩ, ãne hã te 're ab'manharĩ tõ mono da, te ĩ̱siwi 're awẽ'õ mono nherẽ.",xavante
